abandon,放棄
ability,能力
abnormal,不正常的
abolish,廢除
abrupt,突然的
absence,缺席
absorb,吸收
abstract,抽象的
abundant,豐富的
abuse,濫用
accelerate,加速
accessible,可進入的
accidental,意外的
acclaim,稱讚
accommodate,容納
accompany,陪伴
accomplish,完成
accord,協議
account,帳戶
accumulate,累積
accurate,準確的
accuse,指控
accustom,使習慣
achievement,成就
acid,酸
acknowledge,承認
acquire,獲得
adapt,適應
addict,使上癮
additional,額外的
address,地址
adequate,足夠的
adhere,堅持
adjacent,鄰近的
adjust,調整
administer,管理
adolescent,青少年
adopt,採用
advance,前進
adverse,不利的
advocacy,擁護
aerial,空中的
aesthetic,美學的
affection,情感
affiliate,附屬機構
affluence,富裕
afford,負擔得起
agency,代理機構
agenda,議程
agent,代理人
aggravate,加重
aggregate,合計
aggressive,侵略性的
agitate,煽動
agriculture,農業
aid,幫助
ailment,疾病
aim,目標
airline,航空公司
aisle,走道
alarm,警報
alert,警覺的
alien,外星人
align,排列
alike,相似的
alive,活著的
allegation,指控
alleviate,減輕
allocate,分配
allow,允許
alloy,合金
ally,盟友
alter,改變
alternate,交替的
alternative,替代的
altitude,海拔
amateur,業餘的
amaze,使驚訝
ambiguous,模稜兩可的
ambition,野心
ambulance,救護車
amend,修正
amount,數量
ample,充足的
amplify,放大
amuse,使娛樂
analogous,類似的
analysis,分析
anchor,錨
ancient,古代的
angle,角度
animated,動畫的
annex,附件
anniversary,週年紀念
announce,宣布
annual,年度的
anomaly,異常
anonymous,匿名的
answer,回答
antarctic,南極的
antelope,羚羊
anticipate,預期
antique,古董
anxiety,焦慮
apologize,道歉
apparatus,儀器
appeal,吸引力
appear,出現
appetite,食慾
applaud,鼓掌
apply,申請
appoint,任命
appreciate,欣賞
approach,接近
appropriate,適當的
approve,批准
approximate,大約的
apt,適當的
aquatic,水生的
arbitrary,任意的
arch,拱門
architect,建築師
area,區域
argue,爭論
arid,乾燥的
arise,發生
arithmetic,算術
arm,手臂
army,軍隊
aroma,香氣
arrange,安排
array,陣列
arrest,逮捕
arrive,到達
arrow,箭
art,藝術
artery,動脈
article,文章
artificial,人造的
artist,藝術家
ascend,上升
ascertain,確定
ascribe,歸因於
aspect,方面
aspire,渴望
assault,攻擊
assemble,組裝
assert,斷言
assess,評估
asset,資產
assign,分配
assist,幫助
associate,聯想
assume,假設
assure,保證
asteroid,小行星
astonish,使驚訝
astronaut,太空人
astronomy,天文學
athlete,運動員
atmosphere,大氣層
atom,原子
attach,附加
attack,攻擊
attain,達到
attempt,嘗試
attend,參加
attention,注意
attitude,態度
attract,吸引
attribute,屬性
auction,拍賣
audience,觀眾
audio,音頻
audit,審計
auditorium,禮堂
augment,增加
author,作者
authority,權威
authorize,授權
auto,汽車
automatic,自動的
automobile,汽車
autonomous,自治的
avail,利用
available,可用的
avalanche,雪崩
avenue,大道
average,平均
avert,避免
aviation,航空
avoid,避免
await,等待
award,獎品
aware,意識到的
awe,敬畏
awesome,極好的
awful,糟糕的
awkward,尷尬的
axis,軸
bachelor,單身漢
backdrop,背景
background,背景
bacteria,細菌
badge,徽章
badminton,羽毛球
baffle,使困惑
baggage,行李
bail,保釋
bait,誘餌
balance,平衡
balcony,陽台
bald,禿頭的
bale,大包
ball,球
ballet,芭蕾舞
balloon,氣球
ballot,選票
ban,禁止
band,樂隊
bandage,繃帶
bang,重擊
bank,銀行
bankrupt,破產的
banner,橫幅
banquet,宴會
bar,酒吧
barbecue,燒烤
barber,理髮師
bare,赤裸的
bargain,討價還價
bark,吠叫
barn,穀倉
barometer,氣壓計
baron,男爵
barrel,桶
barren,貧瘠的
barrier,障礙物
base,基地
baseball,棒球
basement,地下室
basic,基本的
basin,盆地
basis,基礎
basket,籃子
basketball,籃球
bat,蝙蝠
bath,洗澡
bathe,沐浴
bathroom,浴室
battery,電池
battle,戰鬥
bay,海灣
bazaar,市集
be,是
beach,海灘
beacon,燈塔
bead,珠子
beak,鳥嘴
beam,光束
bean,豆
bear,熊
beard,鬍鬚
bearing,軸承
beast,野獸
beat,打敗
beautiful,美麗的
beauty,美
beckon,招手
become,變成
bed,床
bedroom,臥室
bee,蜜蜂
beef,牛肉
beer,啤酒
beetle,甲蟲
before,在...之前
beg,乞求
begin,開始
behalf,代表
behave,表現
behavior,行為
behind,在...後面
being,存在
belief,信仰
believe,相信
bell,鈴
belly,肚子
belong,屬於
beloved,親愛的
below,在...下面
belt,腰帶
bench,長凳
bend,彎曲
beneath,在...之下
beneficial,有益的
benefit,利益
benign,良性的
bent,彎曲的
berry,漿果
beside,在...旁邊
besides,此外
best,最好的
bestow,給予
bet,打賭
betray,背叛
better,更好的
between,在...之間
beverage,飲料
beware,小心
bewilder,使困惑
beyond,超過
bias,偏見
bible,聖經
bibliography,參考書目
bicycle,自行車
bid,出價
big,大的
bill,帳單
billion,十億
bind,綁
biography,傳記
biological,生物學的
biology,生物學
bird,鳥
birth,出生
birthday,生日
biscuit,餅乾
bishop,主教
bit,一點
bite,咬
bitter,苦的
bizarre,奇怪的
black,黑色
blackboard,黑板
blade,刀片
blame,責怪
bland,平淡的
blank,空白的
blanket,毯子
blast,爆炸
blaze,火焰
bleach,漂白
bleed,流血
blend,混合
bless,祝福
blind,瞎的
block,塊
blood,血
bloom,開花
blossom,花
blouse,女襯衫
blow,吹
blue,藍色
blueprint,藍圖
bluff,虛張聲勢
blunder,大錯
blunt,鈍的
blur,模糊
board,板
boast,誇耀
boat,船
body,身體
boil,煮沸
bold,大膽的
bolt,螺栓
bomb,炸彈
bond,結合
bone,骨頭
bonus,獎金
book,書
boom,繁榮
boost,促進
boot,靴子
booth,攤位
border,邊界
bore,使厭煩
born,出生
borrow,借
boss,老闆
botany,植物學
bother,打擾
bottle,瓶子
bottom,底部
bounce,彈跳
bound,跳躍
boundary,邊界
bow,弓
bowel,腸
bowl,碗
bowling,保齡球
box,盒子
boy,男孩
boycott,抵制
brace,支撐
bracket,括號
brain,大腦
brake,剎車
branch,分支
brand,品牌
brandy,白蘭地
brass,黃銅
brave,勇敢的
bread,麵包
breadth,寬度
break,打破
breakfast,早餐
breakthrough,突破
breast,胸部
breath,呼吸
breathe,呼吸
breed,繁殖
breeze,微風
brew,釀造
bribe,賄賂
brick,磚
bride,新娘
bridge,橋
brief,簡短的
briefcase,公文包
bright,明亮的
brilliant,燦爛的
brim,邊緣
bring,帶來
brisk,輕快的
bristle,剛毛
brittle,易碎的
broad,寬的
broadcast,廣播
brochure,小冊子
bronze,青銅
brood,一窩
brook,小溪
broom,掃帚
brother,兄弟
brow,額頭
brown,棕色
browse,瀏覽
bruise,瘀傷
brush,刷子
brutal,殘忍的
bubble,氣泡
bucket,桶
buckle,扣
bud,芽
budget,預算
buffalo,水牛
buffer,緩衝
buffet,自助餐
bug,蟲
build,建造
building,建築物
bulb,燈泡
bulk,體積
bull,公牛
bullet,子彈
bulletin,公告
bully,欺負
bump,撞擊
bunch,串
bundle,束
burden,負擔
bureau,局
bureaucracy,官僚主義
burglar,竊賊
burial,葬禮
burn,燃燒
burst,爆裂
bury,埋葬
bus,公車
bush,灌木
business,生意
busy,忙碌的
but,但是
butcher,屠夫
butter,奶油
butterfly,蝴蝶
button,按鈕
buy,買
buzz,嗡嗡聲
by,被
bypass,繞過
cabbage,捲心菜
cabin,小屋
cabinet,櫥櫃
cable,電纜
cafe,咖啡館
cafeteria,自助餐廳
cage,籠子
cake,蛋糕
calamity,災難
calculate,計算
calendar,日曆
call,打電話
calm,冷靜的
calorie,卡路里
camel,駱駝
camera,相機
camp,營地
campaign,活動
campus,校園
can,可以
canal,運河
cancel,取消
cancer,癌症
candidate,候選人
candle,蠟燭
candy,糖果
cane,手杖
cannon,大砲
canoe,獨木舟
canteen,食堂
canvas,帆布
canyon,峽谷
cap,帽子
capability,能力
capable,有能力的
capacity,容量
cape,披肩
capital,資本
capitalize,利用
capsule,膠囊
captain,隊長
caption,標題
captive,俘虜
capture,捕捉
car,汽車
carbon,碳
card,卡片
cardinal,主要的
care,關心
career,職業
careful,小心的
cargo,貨物
carpenter,木匠
carpet,地毯
carriage,馬車
carrier,運輸工具
carrot,胡蘿蔔
carry,攜帶
cart,推車
cartoon,卡通
carve,雕刻
case,案例
cash,現金
cashier,收銀員
casino,賭場
cast,投
castle,城堡
casual,隨便的
casualty,傷亡
cat,貓
catalog,目錄
catastrophe,災難
catch,捕捉
category,類別
cater,迎合
cathedral,大教堂
catholic,天主教的
cattle,牛
cause,原因
caution,小心
cautious,小心的
cave,洞穴
cavern,大洞穴
cavity,腔
cease,停止
ceiling,天花板
celebrate,慶祝
celestial,天上的
cell,細胞
cellar,地窖
cement,水泥
cemetery,墓地
census,人口普查
cent,分
center,中心
central,中央的
century,世紀
cereal,穀物
ceremony,儀式
certain,確定的
certificate,證書
certify,證明
chain,鏈
chair,椅子
chairman,主席
chalk,粉筆
challenge,挑戰
chamber,房間
champagne,香檳
champion,冠軍
chance,機會
chancellor,總理
change,改變
channel,頻道
chaos,混亂
chapel,小教堂
chapter,章節
character,角色
characteristic,特徵
characterize,描述...的特性
charge,收費
charity,慈善
charm,魅力
chart,圖表
charter,憲章
chase,追逐
chat,聊天
cheap,便宜的
cheat,欺騙
check,檢查
cheek,臉頰
cheer,歡呼
cheese,起司
chef,廚師
chemical,化學的
chemistry,化學
cheque,支票
cherry,櫻桃
chess,西洋棋
chest,胸部
chew,咀嚼
chicken,雞
chief,首領
child,小孩
chill,寒冷
chimney,煙囪
chin,下巴
china,瓷器
chip,晶片
chocolate,巧克力
choice,選擇
choke,窒息
choose,選擇
chop,砍
chord,和弦
chore,雜務
chorus,合唱
christ,基督
christian,基督徒
christmas,聖誕節
chronic,慢性的
chunk,大塊
church,教堂
cigar,雪茄
cigarette,香菸
cinema,電影院
circle,圓
circuit,電路
circular,圓形的
circulate,循環
circumstance,情況
circus,馬戲團
cite,引用
citizen,公民
city,城市
civil,公民的
civilian,平民
civilization,文明
claim,聲稱
clamp,夾子
clap,拍手
clarify,澄清
clarity,清晰
clash,衝突
clasp,扣
class,班級
classic,經典的
classical,古典的
classify,分類
classmate,同學
classroom,教室
clause,條款
claw,爪
clay,黏土
clean,乾淨的
clear,清楚的
clerk,店員
clever,聰明的
click,點擊
client,客戶
cliff,懸崖
climate,氣候
climax,高潮
climb,攀爬
cling,堅持
clinic,診所
clip,夾子
cloak,斗篷
clock,時鐘
close,關閉
closet,衣櫥
cloth,布
clothes,衣服
clothing,衣服
cloud,雲
cloudy,多雲的
club,俱樂部
clue,線索
clumsy,笨拙的
cluster,簇
clutch,抓緊
coach,教練
coal,煤
coalition,聯盟
coarse,粗糙的
coast,海岸
coat,外套
cocaine,古柯鹼
cock,公雞
code,代碼
coffee,咖啡
coffin,棺材
coherent,連貫的
coil,線圈
coin,硬幣
coincide,巧合
coincidence,巧合
coke,可樂
cold,冷
collaborate,合作
collapse,崩潰
collar,衣領
colleague,同事
collect,收集
collection,收藏
collective,集體的
college,大學
collide,碰撞
collision,碰撞
colonel,上校
colonial,殖民的
colony,殖民地
color,顏色
column,專欄
comb,梳子
combat,戰鬥
combination,結合
combine,結合
come,來
comedy,喜劇
comet,彗星
comfort,舒適
comfortable,舒適的
comic,滑稽的
command,命令
commander,指揮官
commemorate,紀念
comment,評論
commerce,商業
commercial,商業的
commission,佣金
commit,承諾
committee,委員會
commodity,商品
common,共同的
commonplace,平凡的
communicate,溝通
communication,溝通
communism,共產主義
community,社區
commute,通勤
compact,緊湊的
companion,同伴
company,公司
comparable,可比較的
compare,比較
compass,指南針
compassion,同情
compatible,相容的
compel,強迫
compensate,補償
compete,競爭
competence,能力
competent,有能力的
competition,競爭
competitive,競爭的
compile,編譯
complain,抱怨
complaint,抱怨
complement,補充
complete,完成
complex,複雜的
complexion,膚色
complicate,使複雜
complicated,複雜的
compliment,讚美
comply,遵守
component,成分
compose,組成
composite,複合的
composition,作文
compound,化合物
prehend,理解
preliminary,初步的
premise,前提
premium,保險費
preparation,準備
prepare,準備
preposition,介系詞
prescribe,開處方
prescription,處方
presence,存在
present,禮物
presentation,演講
preservation,保存
preserve,保存
preside,主持
president,總統
press,按
pressure,壓力
prestige,聲望
presumably,據推測
presume,假設
pretend,假裝
pretext,藉口
pretty,漂亮的
prevail,盛行
prevalent,普遍的
prevent,預防
previous,先前的
prey,獵物
price,價格
prick,刺
pride,驕傲
priest,牧師
primary,主要的
prime,主要的
primitive,原始的
prince,王子
princess,公主
principal,校長
principle,原則
print,列印
prior,優先的
priority,優先權
prison,監獄
prisoner,囚犯
private,私人的
privilege,特權
prize,獎品
probability,機率
probable,可能的
probe,探測
problem,問題
procedure,程序
proceed,繼續
process,過程
procession,隊伍
proclaim,宣布
produce,生產
product,產品
production,生產
productive,多產的
profession,職業
professional,專業的
professor,教授
proficiency,熟練
profile,輪廓
profit,利潤
profound,深奧的
program,程式
progress,進步
progressive,進步的
prohibit,禁止
project,專案
prolong,延長
prominent,傑出的
promise,承諾
promote,促進
prompt,迅速的
pronoun,代名詞
pronounce,發音
pronunciation,發音
proof,證據
propaganda,宣傳
propel,推進
proper,適當的
property,財產
prophet,先知
proportion,比例
proposal,提議
propose,提議
proposition,提議
prose,散文
prosecute,起訴
prospect,前景
prosperity,繁榮
prosperous,繁榮的
protect,保護
protection,保護
protective,保護的
protein,蛋白質
protest,抗議
protocol,協議
proud,驕傲的
prove,證明
provide,提供
province,省
provision,條款
provoke,激怒
prudent,謹慎的
psychiatry,精神病學
psychology,心理學
pub,酒吧
public,公眾的
publication,出版物
publicity,宣傳
publish,出版
pull,拉
pulse,脈搏
pump,幫浦
pumpkin,南瓜
punch,打孔
punctual,準時的
punish,懲罰
punishment,懲罰
pupil,小學生
puppet,木偶
puppy,小狗
purchase,購買
pure,純的
purify,淨化
purple,紫色
purpose,目的
purse,錢包
pursue,追求
pursuit,追求
push,推
put,放
puzzle,拼圖
pyramid,金字塔
qualification,資格
qualify,使具備資格
quality,品質
quantity,數量
quarrel,爭吵
quart,夸脫
quarter,四分之一
queen,女王
queer,奇怪的
quench,解渴
query,疑問
quest,探索
question,問題
questionnaire,問卷
queue,排隊
quick,快的
quiet,安靜的
quilt,棉被
quit,退出
quite,相當
quiver,顫抖
quiz,測驗
quota,配額
quote,引用
rabbit,兔子
race,比賽
racial,種族的
rack,架子
racket,球拍
radar,雷達
radiant,輻射的
radiate,輻射
radiation,輻射
radio,收音機
radioactive,放射性的
radius,半徑
rag,破布
rage,憤怒
raid,襲擊
rail,鐵路
railroad,鐵路
railway,鐵路
rain,雨
rainbow,彩虹
raise,舉起
rake,耙
rally,集會
ram,公羊
range,範圍
rank,等級
rapid,快速的
rare,稀有的
rarely,很少
rat,老鼠
rate,比率
rather,寧願
ratify,批准
ratio,比例
ration,配給
rational,理性的
raw,生的
ray,光線
razor,刮鬍刀
reach,到達
react,反應
read,讀
reader,讀者
readily,容易地
reading,閱讀
ready,準備好的
real,真的
realistic,現實的
reality,現實
realize,了解
realm,領域
reap,收割
rear,後方
reason,理由
reasonable,合理的
reassure,使安心
rebel,反叛者
rebellion,叛亂
recall,回憶
recede,後退
receipt,收據
receive,收到
receiver,接收器
recent,最近的
reception,接待
receptionist,接待員
recession,衰退
recipe,食譜
recipient,接受者
cite,引用
reckless,魯莽的
reckon,認為
reclaim,開墾
recognize,認出
recollect,回憶
recommend,推薦
recommendation,推薦
reconcile,和解
record,記錄
recorder,錄音機
recover,恢復
recovery,恢復
recreation,娛樂
recruit,招募
rectangle,長方形
rectify,糾正
recur,重現
recycle,回收
red,紅色
reduce,減少
reduction,減少
reed,蘆葦
reef,礁
reel,卷軸
refer,參考
reference,參考
refine,提煉
reflect,反射
reflection,反射
reform,改革
refresh,刷新
refreshment,提神飲料
refrigerator,冰箱
refuge,避難所
refugee,難民
refund,退款
refusal,拒絕
refuse,拒絕
refute,駁斥
regard,認為
regarding,關於
regardless,無論如何
regime,政權
region,地區
register,註冊
regret,後悔
regular,規則的
regulate,規範
regulation,規定
rehearsal,排練
reign,統治
rein,韁繩
reinforce,加強
reject,拒絕
rejoice,高興
relate,有關
relation,關係
relationship,關係
relative,親戚
relax,放鬆
relay,轉播
release,釋放
relevant,相關的
reliable,可靠的
reliance,依賴
relief,解脫
relieve,減輕
religion,宗教
religious,宗教的
reluctant,不情願的
rely,依賴
remain,保持
remainder,剩餘物
remark,評論
remarkable,非凡的
remedy,補救
remember,記得
remind,提醒
remote,遙遠的
removal,移除
remove,移除
renaissance,文藝復興
render,使得
renew,更新
rent,租金
repair,修理
pay,支付
repeal,廢除
repeat,重複
repel,擊退
repent,懺悔
repetition,重複
replace,取代
reply,回答
report,報告
reporter,記者
represent,代表
representation,代表
representative,代表
repress,鎮壓
reproach,因...責備
reproduce,繁殖
republic,共和國
republican,共和主義者
reputation,名聲
request,要求
require,需要
requirement,要求
rescue,救援
research,研究
resemble,像
resent,怨恨
reservation,預訂
reserve,保留
reservoir,水庫
reside,居住
residence,住所
resident,居民
resign,辭職
resist,抵抗
resistance,抵抗
resistant,抵抗的
resolute,堅決的
resolution,決心
resolve,解決
resort,度假勝地
resource,資源
respect,尊敬
respectable,可敬的
respectful,恭敬的
respective,個別的
respond,回應
response,回應
responsibility,責任
responsible,負責任的
rest,休息
restaurant,餐廳
restless,焦躁不安的
restore,恢復
restrain,抑制
restraint,抑制
restrict,限制
restriction,限制
result,結果
resume,恢復
retail,零售
retain,保留
retell,複述
retire,退休
retreat,撤退
retroactive,有追溯力的
return,返回
reveal,揭示
revenge,報仇
revenue,收入
reverence,尊敬
reverse,反轉
review,評論
revise,修改
revival,復興
revive,復活
revolt,叛亂
revolution,革命
revolutionary,革命性的
revolve,旋轉
reward,獎勵
rhythm,節奏
rib,肋骨
ribbon,緞帶
rice,米
rich,富有的
rid,擺脫
riddle,謎語
ride,騎
ridge,山脊
ridiculous,荒謬的
rifle,步槍
right,正確的
rigid,僵硬的
rim,邊緣
ring,戒指
riot,暴動
rip,撕
ripe,成熟的
ripple,漣漪
rise,上升
risk,風險
risky,危險的
ritual,儀式
rival,對手
river,河流
road,道路
roar,吼叫
roast,烤
rob,搶劫
robber,搶劫犯
robe,長袍
robot,機器人
rock,石頭
rocket,火箭
rod,桿
role,角色
roll,滾動
romance,浪漫
romantic,浪漫的
roof,屋頂
room,房間
rooster,公雞
root,根
rope,繩子
rose,玫瑰
rot,腐爛
rotate,旋轉
rotation,旋轉
rotten,腐爛的
rough,粗糙的
round,圓的
rouse,喚醒
route,路線
routine,例行公事
row,划船
royal,皇家的
royalty,皇室
rub,摩擦
rubber,橡膠
rubbish,垃圾
rude,粗魯的
rug,地毯
ruin,廢墟
rule,規則
ruler,尺
rumor,謠言
run,跑
rural,鄉村的
rush,衝
rust,生鏽
rusty,生鏽的
sack,麻袋
sacred,神聖的
sacrifice,犧牲
sad,傷心的
saddle,馬鞍
safeguard,保護
safety,安全
sail,航行
sailor,水手
saint,聖人
sake,緣故
salad,沙拉
salary,薪水
sale,拍賣
salesman,推銷員
salmon,鮭魚
salon,沙龍
salt,鹽
salute,敬禮
salvation,救贖
same,相同的
sample,樣品
sanction,制裁
sand,沙子
sandwich,三明治
sane,神智正常的
satellite,衛星
satire,諷刺
satisfaction,滿意
satisfactory,令人滿意的
satisfy,使滿意
saturation,飽和
sauce,醬汁
saucer,茶碟
sausage,香腸
savage,野蠻的
save,拯救
savings,存款
saw,鋸子
say,說
scale,規模
scan,掃描
scandal,醜聞
scar,傷疤
scarce,缺乏的
scare,驚嚇
scarf,圍巾
scarlet,猩紅色的
scatter,分散
scene,場景
scenery,風景
scent,氣味
schedule,行程表
scheme,計畫
scholar,學者
scholarship,獎學金
school,學校
science,科學
scientific,科學的
scientist,科學家
scissors,剪刀
scold,責罵
scope,範圍
score,分數
scorn,輕視
scout,童子軍
scramble,爭奪
scrap,碎片
scrape,刮
scratch,抓
scream,尖叫
screen,螢幕
screw,螺絲
script,劇本
scrutiny,詳細檢查
sculpture,雕塑
sea,海
seal,海豹
seam,接縫
search,搜尋
season,季節
seat,座位
second,秒
secondary,次要的
secret,秘密
secretary,秘書
section,部分
sector,部門
secure,安全的
security,安全
see,看
seed,種子
seek,尋找
seem,似乎
segment,片段
seize,抓住
seldom,很少
select,選擇
selection,選擇
self,自己
selfish,自私的
sell,賣
semester,學期
semiconductor,半導體
seminar,研討會
senate,參議院
senator,參議員
send,發送
senior,年長的
sensation,感覺
sense,感覺
sensible,明智的
sensitive,敏感的
sentence,句子
sentiment,情緒
separate,分開
sequence,順序
serial,連續的
series,系列
serious,嚴肅的
servant,僕人
serve,服務
service,服務
session,會議
set,設定
setback,挫折
settle,解決
settlement,解決
several,幾個
severe,嚴重的
sew,縫
sex,性別
sexual,性的
shabby,破舊的
shade,陰影
shadow,影子
shaft,軸
shake,搖動
shallow,淺的
shame,羞恥
shampoo,洗髮精
shape,形狀
share,分享
shark,鯊魚
sharp,鋒利的
shatter,粉碎
shave,刮鬍子
she,她
shed,棚屋
sheep,綿羊
sheer,純粹的
sheet,床單
shelf,架子
shell,貝殼
shelter,避難所
shepherd,牧羊人
sheriff,警長
shield,盾牌
shift,轉移
shilling,先令
shine,發光
ship,船
shirt,襯衫
shiver,顫抖
shock,震驚
shoe,鞋子
shoot,射擊
shop,商店
shore,岸
short,短的
shortage,短缺
shortcoming,缺點
shortly,不久
shot,射擊
should,應該
shoulder,肩膀
shout,喊叫
show,展示
shower,淋浴
shrewd,精明的
shrink,收縮
shrug,聳肩
shut,關閉
shutter,百葉窗
shuttle,接駁車
shy,害羞的
sick,生病的
sickness,疾病
side,邊
sideways,向側面地
siege,圍攻
sieve,篩子
sift,篩
sigh,嘆氣
sight,視力
sightseeing,觀光
sign,標誌
signal,信號
signature,簽名
significance,重要性
significant,重要的
signify,表示
silence,沉默
silent,沉默的
silk,絲綢
silly,愚蠢的
silver,銀
similar,相似的
simplicity,簡單
simplify,簡化
simply,僅僅
simulate,模擬
simultaneous,同時的
sin,罪
since,自從
sincere,真誠的
sing,唱
single,單一的
singular,單數的
sink,下沉
sip,啜飲
sir,先生
siren,警報器
sister,姐妹
sit,坐
site,地點
situate,位於
situation,情況
size,尺寸
skating,溜冰
skeleton,骨架
sketch,草圖
skiing,滑雪
skill,技能
skilled,熟練的
skillful,熟練的
skim,略讀
skin,皮膚
skip,跳過
skirt,裙子
sky,天空
slack,鬆弛的
slam,猛擊
slap,賞耳光
slash,揮砍
slate,石板
slaughter,屠殺
slave,奴隸
slavery,奴隸制度
sleep,睡覺
sleeve,袖子
slender,苗條的
slice,薄片
slide,滑動
slight,輕微的
slim,苗條的
slip,滑倒
slipper,拖鞋
slippery,滑的
slit,切口
slogan,口號
slope,斜坡
slow,慢的
slum,貧民窟
slumber,睡眠
sly,狡猾的
small,小的
smart,聰明的
smash,粉碎
smell,味道
smile,微笑
smog,煙霧
smoke,煙
smooth,光滑的
smuggle,走私
snack,點心
snail,蝸牛
snake,蛇
snap,折斷
snatch,搶奪
sneak,鬼鬼祟祟地走
sneeze,打噴嚏
sniff,嗅
snow,雪
snowflake,雪花
so,所以
soak,浸泡
soap,肥皂
soar,高飛
sob,啜泣
sober,清醒的
soccer,足球
sociable,善於交際的
social,社會的
socialism,社會主義
society,社會
sociology,社會學
sock,襪子
soda,蘇打水
sfa,沙發
soft,柔軟的
software,軟體
soil,土壤
solar,太陽的
soldier,士兵
sole,唯一的
solemn,莊嚴的
solid,固體的
solidarity,團結
solitary,孤獨的
solo,獨奏
soluble,可溶的
solution,解決方案
solve,解決
some,一些
somebody,某人
somehow,不知何故
someone,某人
something,某事
sometime,某時
sometimes,有時
somewhat,稍微
somewhere,某處
son,兒子
song,歌
soon,不久
soone,更早
soothe,撫慰
sophisticated,世故的
sore,疼痛的
sorrow,悲傷
sorry,抱歉的
sort,種類
soul,靈魂
sound,聲音
soup,湯
sour,酸的
source,來源
south,南
southeast,東南
southern,南方的
southwest,西南
sovereign,有主權的
sow,播種
space,空間
spacecraft,太空船
spaceship,太空船
spade,鏟子
span,跨度
spare,多餘的
spark,火花
sparkle,閃耀
sparrow,麻雀
speak,說
speaker,演講者
spear,矛
special,特別的
specialist,專家
specialize,專攻
specialty,專長
species,物種
specific,明確的
specification,規格
specify,指定
specimen,標本
spectacle,奇觀
spectacular,壯觀的
spectator,觀眾
spectrum,光譜
speculate,推測
speech,演講
speed,速度
spell,拼寫
spelling,拼寫
spend,花費
sphere,球體
spice,香料
spider,蜘蛛
spill,溢出
spin,旋轉
spiral,螺旋的
spirit,精神
spiritual,精神上的
spit,吐口水
spite,惡意
splash,飛濺
splendid,燦爛的
split,分裂
spoil,損壞
spokesman,發言人
sponge,海綿
sponsor,贊助商
spontaneous,自發的
spoon,湯匙
sport,運動
sportsman,運動員
spot,地點
spray,噴霧
spread,傳播
spring,春天
spur,馬刺
spy,間諜
square,正方形
squeak,吱吱聲
squeeze,擠壓
squirrel,松鼠
stab,刺
stability,穩定性
stable,穩定的
stack,堆
stadium,體育場
staff,員工
stage,舞台
stagger,蹣跚
stain,汙漬
stair,樓梯
staircase,樓梯
stake,賭注
stale,陳舊的
stalk,跟蹤
stall,攤位
stammer,結巴
stamp,郵票
stand,站立
standard,標準
standpoint,立場
star,星星
stare,凝視
start,開始
startle,使吃驚
starve,挨餓
state,狀態
statement,聲明
statesman,政治家
static,靜態的
station,車站
stationary,靜止的
stationery,文具
statistical,統計的
statue,雕像
status,地位
stay,停留
steadily,穩定地
steady,穩定的
steak,牛排
steal,偷
steam,蒸汽
steamer,輪船
steel,鋼
steep,陡峭的
steer,駕駛
stem,莖
step,步驟
stereo,立體聲
stern,嚴厲的
steward,管理員
stewardess,空姐
stick,棍子
sticky,黏的
stiff,僵硬的
still,仍然
stimulate,刺激
stimulus,刺激物
sting,刺
stir,攪拌
stitch,縫
stock,庫存
stocking,長襪
stomach,胃
stone,石頭
stool,凳子
stoop,彎腰
stop,停止
storage,儲存
store,商店
storey,樓層
storm,暴風雨
story,故事
stove,爐子
straight,直的
strain,拉緊
strange,奇怪的
stranger,陌生人
strap,帶子
strategy,策略
straw,稻草
strawberry,草莓
stream,溪流
streamline,流線型
street,街道
strength,力量
strengthen,加強
stress,壓力
stretch,伸展
strict,嚴格的
stride,大步走
strife,衝突
strike,打擊
striking,引人注目的
string,繩子
strip,條
stripe,條紋
strive,努力
stroke,中風
stroll,散步
strong,強壯的
structure,結構
struggle,掙扎
student,學生
studio,工作室
study,學習
stuff,東西
stumble,絆倒
stupid,愚蠢的
sturdy,堅固的
style,風格
subdivide,細分
subdue,征服
subject,主題
subjective,主觀的
submarine,潛水艇
submit,提交
subordinate,下屬
subscribe,訂閱
subsequent,隨後的
subsidize,補貼
substance,物質
substantial,大量的
substitute,替代品
subtract,減去
suburb,郊區
subway,地鐵
succeed,成功
success,成功
successful,成功的
succession,繼承
successive,連續的
such,這樣的
suck,吸
sudden,突然的
suffer,遭受
suffice,足夠
sufficient,足夠的
sugar,糖
suggest,建議
suggestion,建議
suicide,自殺
suit,西裝
suitable,適合的
suitcase,手提箱
suite,套房
sulfur,硫磺
sum,總和
summarize,總結
summary,摘要
summer,夏天
summit,頂峰
summon,召喚
sun,太陽
sunday,星期日
sunlight,陽光
sunny,晴朗的
sunrise,日出
sunset,日落
sunshine,陽光
super,超級的
superb,極好的
superficial,表面的
superintendent,監督人
superior,上級的
supermarket,超級市場
superstition,迷信
supervise,監督
supper,晚餐
supplement,補充
supply,供應
support,支持
suppose,假設
suppress,鎮壓
supreme,至高無上的
sure,確定的
surface,表面
surge,激增
surgeon,外科醫生
surgery,手術
surname,姓
surpass,超越
surplus,剩餘
surprise,驚喜
surrender,投降
surround,圍繞
surroundings,環境
survey,調查
survival,生存
survive,生存
suspect,懷疑
suspend,暫停
suspicion,懷疑
suspicious,可疑的
sustain,維持
swallow,吞嚥
swamp,沼澤
swan,天鵝
swarm,群
sway,搖擺
swear,發誓
sweat,汗水
sweater,毛衣
sweep,掃
sweet,甜的
swell,腫脹
swift,迅速的
swim,游泳
swing,搖擺
switch,開關
sword,劍
symbol,象徵
symmetrical,對稱的
sympathetic,同情的
sympathize,同情
sympathy,同情
symphony,交響樂
symposium,研討會
symptom,症狀
syndrome,症候群
synthetic,合成的
system,系統
systematic,系統性的
table,桌子
tablet,藥片
tackle,處理
tact,機智
tag,標籤
tail,尾巴
tailor,裁縫
take,拿
tale,故事
talent,天賦
talk,談話
tall,高的
tame,馴服的
tan,曬黑
tangle,糾纏
tank,坦克
tap,輕拍
tape,膠帶
target,目標
tariff,關稅
task,任務
taste,味道
tax,稅
taxi,計程車
tea,茶
teach,教
teacher,老師
team,團隊
tear,撕
tease,取笑
technical,技術的
technician,技術員
technique,技巧
technology,科技
tedious,乏味的
teenager,青少年
telegram,電報
telegraph,電報機
telephone,電話
telescope,望遠鏡
television,電視
tell,告訴
temper,脾氣
temperament,氣質
temperature,溫度
temple,寺廟
tempo,節奏
temporary,暫時的
tempt,誘惑
temptation,誘惑
ten,十
tenant,房客
tend,傾向
tendency,傾向
tender,溫柔的
tennis,網球
tense,緊張的
tension,緊張
tent,帳篷
tentative,暫時的
term,術語
terminal,終點站
terminate,終止
terrible,可怕的
terrific,極好的
terrify,使害怕
territory,領土
terror,恐懼
test,測試
testify,作證
text,文本
textbook,教科書
textile,紡織品
texture,質地
than,比
thank,感謝
that,那個
the,這
theater,劇院
theft,偷竊
their,他們的
them,他們
theme,主題
themselves,他們自己
then,然後
theory,理論
therapy,治療
there,那裡
thereafter,此後
thereby,因此
therefore,所以
thermal,熱的
thermometer,溫度計
these,這些
thesis,論文
they,他們
thick,厚的
thief,小偷
thigh,大腿
thin,薄的
thing,事情
think,想
third,第三
thirst,口渴
thirty,三十
this,這個
thorn,刺
thorough,徹底的
those,那些
though,雖然
thought,思想
thoughtful,體貼的
thousand,千
thread,線
threat,威脅
threaten,威脅
three,三
thresh,脫粒
threshold,門檻
thrift,節儉
thrill,興奮
thrive,繁榮
throat,喉嚨
throne,王位
throng,人群
through,通過
throughout,遍及
throw,丟
thrust,推
thumb,拇指
thunder,雷
thursday,星期四
thus,因此
tick,滴答聲
ticket,票
tide,潮汐
tidy,整潔的
tie,領帶
tiger,老虎
tight,緊的
tile,磁磚
till,直到
tilt,傾斜
timber,木材
time,時間
timely,及時的
timid,膽小的
tin,錫
tiny,微小的
tip,尖端
tire,累
tired,累的
tissue,組織
title,標題
to,去
toad,蟾蜍
toast,吐司
tobacco,菸草
today,今天
toe,腳趾
together,一起
toil,辛苦工作
toilet,廁所
token,象徵
tolerance,寬容
tolerant,寬容的
tolerate,容忍
toll,通行費
tomato,番茄
tomb,墳墓
tomorrow,明天
ton,噸
tone,語氣
tongue,舌頭
tonight,今晚
too,太
tool,工具
tooth,牙齒
top,頂部
topic,話題
torch,手電筒
torrent,急流
tortoise,烏龜
torture,折磨
toss,拋
total,總共
touch,觸摸
tough,艱難的
tour,旅遊
tourist,遊客
tow,拖
toward,向
towel,毛巾
tower,塔
town,城鎮
toy,玩具
trace,痕跡
track,軌道
tractor,拖拉機
trade,貿易
tradition,傳統
traffic,交通
tragedy,悲劇
trail,小徑
train,火車
training,訓練
traitor,叛徒
tram,電車
tramp,流浪漢
transfer,轉移
transform,改變
transistor,電晶體
transit,運輸
translate,翻譯
translation,翻譯
transmission,傳輸
transmit,發送
transparent,透明的
transplant,移植
transport,運輸
trap,陷阱
trash,垃圾
travel,旅行
tray,托盤
treason,叛國罪
treasure,寶藏
treat,對待
treatment,治療
treaty,條約
tree,樹
tremble,顫抖
tremendous,巨大的
trench,溝渠
trend,趨勢
trial,審判
triangle,三角形
tribe,部落
tribute,貢品
trick,惡作劇
trifle,瑣事
trigger,扳機
trim,修剪
trip,旅行
triple,三倍的
triumph,勝利
trivial,微不足道的
troop,軍隊
tropic,熱帶
tropical,熱帶的
trouble,麻煩
troublesome,麻煩的
trousers,褲子
truck,卡車
true,真的
trumpet,小號
trunk,樹幹
trust,信任
truth,真相
try,嘗試
tub,浴缸
tube,管子
tuck,塞
tuesday,星期二
tug,拉
tuition,學費
tulip,鬱金香
tumble,跌倒
tumult,騷動
tuna,鮪魚
tune,曲調
tunnel,隧道
turbine,渦輪機
turbulent,動盪的
turkey,火雞
turn,轉
turnip,蕪菁
tutor,家教
twelfth,第十二
twelve,十二
twentieth,第二十
twenty,二十
twice,兩次
twin,雙胞胎
twinkle,閃爍
twist,扭曲
two,二
type,類型
typewriter,打字機
typhoon,颱風
typical,典型的
typist,打字員
tyrant,暴君
ugly,醜陋的
ultimate,最終的
umbrella,雨傘
unable,不能的
unanimous,全體一致的
uncertain,不確定的
uncle,叔叔
uncomfortable,不舒服的
unconscious,無意識的
uncover,揭開
under,在...下面
underestimate,低估
undergo,經歷
undergraduate,大學生
underground,地下的
underline,畫底線
underlying,潛在的
undermine,破壞
understand,了解
understanding,了解
undertake,承擔
undo,取消
undoubtedly,毫無疑問地
uneasy,不安的
unemployment,失業
unexpected,意外的
unfold,展開
unfortunate,不幸的
uniform,制服
unify,統一
union,聯合
unique,獨特的
unit,單位
unite,團結
unity,團結
universal,普遍的
universe,宇宙
university,大學
unjust,不公平的
unkind,不友善的
unknown,未知的
unless,除非
unlike,不像
unlikely,不可能的
unload,卸貨
unlock,解鎖
unlucky,不幸的
unnecessary,不必要的
unpleasant,不愉快的
unrest,動盪
unsatisfactory,不令人滿意的
unstable,不穩定的
unsuitable,不適合的
until,直到
unusual,不尋常的
unwilling,不情願的
up,向上
update,更新
upgrade,升級
uphold,支持
upon,在...之上
upper,上面的
upright,直立的
uproar,騷動
upset,心煩意亂的
upside,上面
upstairs,樓上
upward,向上的
urban,城市的
urge,催促
urgent,緊急的
us,我們
usage,用法
use,使用
used,習慣的
useful,有用的
useless,無用的
user,使用者
usual,通常的
usually,通常
utensil,器具
utility,公用事業
utilize,利用
utmost,極度的
utter,說
vacant,空缺的
vacation,假期
vacuum,真空
vague,模糊的
vain,徒勞的
valid,有效的
validity,有效性
valley,山谷
valuable,有價值的
value,價值
van,與
vanish,消失
vanity,虛榮
vapor,蒸氣
variable,變數
variation,變化
variety,多樣性
various,各種各樣的
vary,變化
vase,花瓶
vast,巨大的
vegetable,蔬菜
vehicle,車輛
veil,面紗
vein,靜脈
velocity,速度
velvet,天鵝絨
vengeance,復仇
ventilate,通風
venture,冒險
verb,動詞
verbal,口頭的
verdict,判決
verge,邊緣
verify,證實
versatile,多才多藝的
verse,詩
version,版本
versus,與...相對
vertical,垂直的
very,非常
vessel,船
vest,背心
veteran,退伍軍人
veto,否決
via,經由
vibrate,振動
vice,惡習
vicinity,附近
vicious,邪惡的
victim,受害者
victorious,勝利的
victory,勝利
video,影片
view,觀點
viewer,觀眾
vigor,活力
vigorous,精力充沛的
village,村莊
villain,反派
vine,藤蔓
vinegar,醋
violate,違反
violence,暴力
violent,暴力的
violet,紫羅蘭
violin,小提琴
virgin,處女
virtual,虛擬的
virtue,美德
virus,病毒
visa,簽證
visible,可見的
vision,視力
visit,拜訪
visitor,訪客
visual,視覺的
vital,重要的
vitamin,維他命
vivid,生動的
vocabulary,字彙
vocal,聲音的
vocation,職業
voice,聲音
void,空的
volcano,火山
volleyball,排球
volt,伏特
voltage,電壓
volume,體積
voluntary,自願的
volunteer,志工
vote,投票
vow,發誓
voyage,航行
vulgar,粗俗的
wag,搖擺
wage,工資
waggon,馬車
waist,腰
wait,等待
waiter,服務生
wake,醒來
waken,喚醒
walk,走
wall,牆
wallet,錢包
wander,漫遊
want,想要
war,戰爭
ward,病房
wardrobe,衣櫃
warehouse,倉庫
warm,溫暖的
warmth,溫暖
warn,警告
warrant,授權
warrior,戰士
wash,洗
waste,浪費
watch,看
water,水
waterfall,瀑布
waterproof,防水的
wave,波浪
wax,蠟
way,路
we,我們
weak,虛弱的
weaken,削弱
wealth,財富
wealthy,富有的
weapon,武器
wear,穿
weary,疲倦的
weather,天氣
weave,編織
web,網
wedding,婚禮
wedge,楔子
wednesday,星期三
weed,雜草
week,週
weekday,平日
weekend,週末
weekly,每週的
weep,哭泣
weigh,稱重
weight,重量
welcome,歡迎
weld,焊接
welfare,福利
well,好
west,西
western,西方的
wet,濕的
whale,鯨魚
what,什麼
whatever,無論什麼
wheat,小麥
wheel,輪子
when,何時
whenever,無論何時
where,哪裡
wherever,無論哪裡
whether,是否
which,哪一個
whichever,無論哪一個
while,當...時
whip,鞭打
whirl,旋轉
whisky,威士忌
whisper,低語
whistle,口哨
white,白色
whitewash,粉飾
who,誰
whoever,無論誰
whole,全部的
wholesale,批發
wholesome,健康的
wholly,完全地
whom,誰
whose,誰的
why,為什麼
wicked,邪惡的
wide,寬的
widen,加寬
widespread,廣泛的
widow,寡婦
width,寬度
wife,妻子
wild,野生的
will,將
willing,願意的
willow,柳樹
win,贏
wind,風
window,窗戶
wine,酒
wing,翅膀
wink,眨眼
winner,贏家
winter,冬天
wipe,擦
wire,電線
wisdom,智慧
wise,明智的
wish,希望
wit,機智
witch,女巫
with,與
withdraw,撤回
wither,枯萎
within,在...之內
without,沒有
withstand,承受
witness,證人
wolf,狼
woman,女人
wonder,想知道
wonderful,美好的
wood,木頭
wooden,木製的
wool,羊毛
word,字
work,工作
worker,工人
workman,工人
workshop,車間
world,世界
worm,蟲
worry,擔心
worse,更糟的
worship,崇拜
worst,最糟的
worth,值得
worthless,無價值的
worthwhile,值得的
worthy,值得的
wound,傷口
wrap,包裹
wrath,憤怒
wreath,花環
wreck,殘骸
wrench,扳手
wrestle,摔角
wretched,可憐的
wring,擰
wrinkle,皺紋
wrist,手腕
write,寫
writer,作家
writing,寫作
wrong,錯誤的
x-ray,X光
yard,院子
yawn,打哈欠
year,年
yearly,每年的
yell,大叫
yellow,黃色
yes,是
yesterday,昨天
yet,尚未
yield,產量
yoke,枷鎖
yolk,蛋黃
you,你
young,年輕的
youngster,年輕人
your,你的
yourself,你自己
youth,青春
zebra,斑馬
zero,零
zone,區域
zoo,動物園
zoology,動物學
